BC_to_correct,OG_BC,percent_OG_BC,percent_BC_to_correct
BC_01,BC_01,0.9235137102644989,0.9235137102644989
BC_02,BC_01,0.9235137102644989,0.057461781121087116
BC_01,BC_02,0.5871060039688034,0.38571230790530253
BC_02,BC_02,0.5871060039688034,0.5871060039688034
BC_90,BC_02,0.5871060039688034,0.0011537219068715678
BC_01,BC_03,0.5500222444666889,0.07554776999221444
BC_02,BC_03,0.5500222444666889,0.3557446335224113
BC_03,BC_03,0.5500222444666889,0.5500222444666889
BC_64,BC_03,0.5500222444666889,0.001001001001001001
BC_01,BC_04,0.6365272026274453,0.00619734399543053
BC_02,BC_04,0.6365272026274453,0.020134228187919462
BC_03,BC_04,0.6365272026274453,0.3190918177923747
BC_04,BC_04,0.6365272026274453,0.6365272026274453
BC_01,BC_05,0.7164361127565421,0.0024739537962995225
BC_02,BC_05,0.7164361127565421,0.0026830203142966655
BC_03,BC_05,0.7164361127565421,0.06338199937280045
BC_04,BC_05,0.7164361127565421,0.19446670615700895
BC_05,BC_05,0.7164361127565421,0.7164361127565421
BC_158,BC_05,0.7164361127565421,0.0010801770096519041
BC_64,BC_05,0.7164361127565421,0.0013589323669814279
BC_03,BC_06,0.8128854730050289,0.004839168801594079
BC_04,BC_06,0.8128854730050289,0.00825505266154284
BC_05,BC_06,0.8128854730050289,0.13568649777018693
BC_06,BC_06,0.8128854730050289,0.8128854730050289
BC_52,BC_06,0.8128854730050289,0.0014549134959041022
BC_57,BC_06,0.8128854730050289,0.0013600278331277478
BC_90,BC_06,0.8128854730050289,0.0017395704842331657
BC_95,BC_06,0.8128854730050289,0.0018977132555270898
BC_97,BC_06,0.8128854730050289,0.0016130562671980264
BC_01,BC_07,0.8567093728927849,0.0012643290627107216
BC_02,BC_07,0.8567093728927849,0.0010114632501685772
BC_03,BC_07,0.8567093728927849,0.003287255563047876
BC_04,BC_07,0.8567093728927849,0.003624409979770735
BC_05,BC_07,0.8567093728927849,0.01820633850303439
BC_06,BC_07,0.8567093728927849,0.0953304113283884
BC_07,BC_07,0.8567093728927849,0.8567093728927849
BC_01,BC_08,0.9126858821369561,0.0035248760785753625
BC_02,BC_08,0.9126858821369561,0.002753809436387002
BC_03,BC_08,0.9126858821369561,0.0013585459886175876
BC_04,BC_08,0.9126858821369561,0.001799155498439508
BC_05,BC_08,0.9126858821369561,0.003965485588397283
BC_06,BC_08,0.9126858821369561,0.006241968055810538
BC_07,BC_08,0.9126858821369561,0.03477143381677988
BC_08,BC_08,0.9126858821369561,0.9126858821369561
BC_52,BC_08,0.9126858821369561,0.001064806315402974
BC_57,BC_08,0.9126858821369561,0.0012483936111621077
BC_90,BC_08,0.9126858821369561,0.0016155682026803746
BC_97,BC_08,0.9126858821369561,0.0017624380392876813
BC_01,BC_09,0.9476016804394995,0.008540695258759983
BC_02,BC_09,0.9476016804394995,0.009279349983841927
BC_04,BC_09,0.9476016804394995,0.0014311435298462675
BC_06,BC_09,0.9476016804394995,0.0023082960158810764
BC_07,BC_09,0.9476016804394995,0.003647107705092101
BC_08,BC_09,0.9476016804394995,0.008309865657171876
BC_09,BC_09,0.9476016804394995,0.9476016804394995
BC_01,BC_10,0.9215718581373317,0.011615932775878404
BC_02,BC_10,0.9215718581373317,0.01713556040696956
BC_03,BC_10,0.9215718581373317,0.004160316348807513
BC_04,BC_10,0.9215718581373317,0.007373233925114305
BC_05,BC_10,0.9215718581373317,0.0010297812744573052
BC_06,BC_10,0.9215718581373317,0.0021007537998929027
BC_08,BC_10,0.9215718581373317,0.001935988795979734
BC_09,BC_10,0.9215718581373317,0.012604522799357417
BC_10,BC_10,0.9215718581373317,0.9215718581373317
BC_64,BC_10,0.9215718581373317,0.0013181200313053508
BC_94,BC_10,0.9215718581373317,0.0010709725254355975
BC_01,BC_11,0.9051142805991526,0.00662409739213463
BC_02,BC_11,0.9051142805991526,0.010920809214059796
BC_03,BC_11,0.9051142805991526,0.00751924568836904
BC_04,BC_11,0.9051142805991526,0.014382049292832846
BC_05,BC_11,0.9051142805991526,0.0026257683356209344
BC_06,BC_11,0.9051142805991526,0.007399892582204452
BC_07,BC_11,0.9051142805991526,0.0011935310616458794
BC_08,BC_11,0.9051142805991526,0.0013128841678104672
BC_09,BC_11,0.9051142805991526,0.0026854448887032286
BC_10,BC_11,0.9051142805991526,0.023751268126753
BC_11,BC_11,0.9051142805991526,0.9051142805991526
BC_01,BC_12,0.8943912812333865,0.0026847421584263688
BC_02,BC_12,0.8943912812333865,0.004013822434875067
BC_03,BC_12,0.8943912812333865,0.008160552897395002
BC_04,BC_12,0.8943912812333865,0.012360446570972886
BC_05,BC_12,0.8943912812333865,0.005608718766613503
BC_06,BC_12,0.8943912812333865,0.014088250930356193
BC_07,BC_12,0.8943912812333865,0.002126528442317916
BC_08,BC_12,0.8943912812333865,0.0031366294524189263
BC_09,BC_12,0.8943912812333865,0.0011164274322169058
BC_10,BC_12,0.8943912812333865,0.004332801701222754
BC_11,BC_12,0.8943912812333865,0.029718234981392876
BC_12,BC_12,0.8943912812333865,0.8943912812333865
BC_66,BC_12,0.8943912812333865,0.001063264221158958
BC_94,BC_12,0.8943912812333865,0.00114300903774588
BC_03,BC_13,0.9041623463190639,0.00525848022515183
BC_04,BC_13,0.9041623463190639,0.0062953636498296545
BC_05,BC_13,0.9041623463190639,0.004665975411050215
BC_06,BC_13,0.9041623463190639,0.014590431047252259
BC_07,BC_13,0.9041623463190639,0.0027403347652199673
BC_08,BC_13,0.9041623463190639,0.004443786105762109
BC_09,BC_13,0.9041623463190639,0.0026662716634572657
BC_10,BC_13,0.9041623463190639,0.0017775144423048438
BC_11,BC_13,0.9041623463190639,0.004295659902236706
BC_12,BC_13,0.9041623463190639,0.024959265294030513
BC_13,BC_13,0.9041623463190639,0.9041623463190639
BC_03,BC_14,0.8915146185974939,0.002857770938667839
BC_04,BC_14,0.8915146185974939,0.003901956473950319
BC_05,BC_14,0.8915146185974939,0.0048362277423609585
BC_06,BC_14,0.8915146185974939,0.011376126621235437
BC_07,BC_14,0.8915146185974939,0.004341613541437679
BC_08,BC_14,0.8915146185974939,0.008078698615080237
BC_09,BC_14,0.8915146185974939,0.008078698615080237
BC_11,BC_14,0.8915146185974939,0.0018135854033853593
BC_12,BC_14,0.8915146185974939,0.004286656408001759
BC_13,BC_14,0.8915146185974939,0.03324906572873159
BC_14,BC_14,0.8915146185974939,0.8915146185974939
BC_03,BC_15,0.9143781703690746,0.0021864614308203605
BC_04,BC_15,0.9143781703690746,0.0021427322022039533
BC_05,BC_15,0.9143781703690746,0.0036732552037782055
BC_06,BC_15,0.9143781703690746,0.007958719608186112
BC_07,BC_15,0.9143781703690746,0.005203778205352457
BC_08,BC_15,0.9143781703690746,0.009270596466678327
BC_09,BC_15,0.9143781703690746,0.014518103900647193
BC_11,BC_15,0.9143781703690746,0.0013118768584922161
BC_12,BC_15,0.9143781703690746,0.0021427322022039533
BC_13,BC_15,0.9143781703690746,0.005378695119818086
BC_14,BC_15,0.9143781703690746,0.012462830155676053
BC_15,BC_15,0.9143781703690746,0.9143781703690746
BC_03,BC_16,0.9040443170372666,0.0015108080886340745
BC_04,BC_16,0.9040443170372666,0.001588285426512745
BC_05,BC_16,0.9040443170372666,0.002672968156814132
BC_06,BC_16,0.9040443170372666,0.002982877508328814
BC_07,BC_16,0.9040443170372666,0.004183776245448206
BC_08,BC_16,0.9040443170372666,0.00627566436817231
BC_09,BC_16,0.9040443170372666,0.01565042225149144
BC_10,BC_16,0.9040443170372666,0.002014410784845433
BC_11,BC_16,0.9040443170372666,0.0017045014333307508
BC_12,BC_16,0.9040443170372666,0.0016657627643914155
BC_13,BC_16,0.9040443170372666,0.0017819787712094212
BC_14,BC_16,0.9040443170372666,0.00236305880529945
BC_15,BC_16,0.9040443170372666,0.030022468427984814
BC_16,BC_16,0.9040443170372666,0.9040443170372666
BC_195,BC_16,0.9040443170372666,0.0010072053924227165
BC_64,BC_16,0.9040443170372666,0.0010072053924227165
BC_94,BC_16,0.9040443170372666,0.001278376074998063
BC_05,BC_17,0.9197930142302717,0.0011827758270190353
BC_06,BC_17,0.9197930142302717,0.0018111254851228978
BC_07,BC_17,0.9197930142302717,0.002735169099981519
BC_08,BC_17,0.9197930142302717,0.0039549066715949
BC_09,BC_17,0.9197930142302717,0.01127333210127518
BC_10,BC_17,0.9197930142302717,0.004841988541859176
BC_11,BC_17,0.9197930142302717,0.004287562372944003
BC_12,BC_17,0.9197930142302717,0.004102753649972279
BC_13,BC_17,0.9197930142302717,0.0013675845499907596
BC_14,BC_17,0.9197930142302717,0.0015893550175568286
BC_15,BC_17,0.9197930142302717,0.004583256329698762
BC_16,BC_17,0.9197930142302717,0.014452042136388838
BC_17,BC_17,0.9197930142302717,0.9197930142302717
BC_97,BC_17,0.9197930142302717,0.0010718905932360007
BC_06,BC_18,0.8965198644902987,0.0018038629064191121
BC_07,BC_18,0.8965198644902987,0.002419816093976858
BC_08,BC_18,0.8965198644902987,0.0020238461876897354
BC_09,BC_18,0.8965198644902987,0.008271371375775442
BC_10,BC_18,0.8965198644902987,0.009591271063399182
BC_11,BC_18,0.8965198644902987,0.01060319415724405
BC_12,BC_18,0.8965198644902987,0.010339214219719301
BC_13,BC_18,0.8965198644902987,0.0030357692815346036
BC_14,BC_18,0.8965198644902987,0.0036957191253464737
BC_15,BC_18,0.8965198644902987,0.0025958027189933565
BC_16,BC_18,0.8965198644902987,0.004179682344141845
BC_17,BC_18,0.8965198644902987,0.024154164283514454
BC_18,BC_18,0.8965198644902987,0.8965198644902987
BC_07,BC_19,0.8898243925908107,0.001623767139764253
BC_08,BC_19,0.8898243925908107,0.0012027904738994466
BC_09,BC_19,0.8898243925908107,0.0034880923743083954
BC_10,BC_19,0.8898243925908107,0.01004330045706038
BC_11,BC_19,0.8898243925908107,0.011246090930959827
BC_12,BC_19,0.8898243925908107,0.016538369016117393
BC_13,BC_19,0.8898243925908107,0.006134231416887178
BC_14,BC_19,0.8898243925908107,0.012268462833774356
BC_15,BC_19,0.8898243925908107,0.0021048833293240317
BC_16,BC_19,0.8898243925908107,0.0021048833293240317
BC_17,BC_19,0.8898243925908107,0.004570603800817898
BC_18,BC_19,0.8898243925908107,0.011185951407264855
BC_19,BC_19,0.8898243925908107,0.8898243925908107
BC_52,BC_19,0.8898243925908107,0.0011426509502044744
BC_57,BC_19,0.8898243925908107,0.0010223719028145297
BC_90,BC_19,0.8898243925908107,0.0010223719028145297
BC_07,BC_20,0.8050478677110531,0.0013054830287206266
BC_08,BC_20,0.8050478677110531,0.0026109660574412533
BC_09,BC_20,0.8050478677110531,0.0017406440382941688
BC_10,BC_20,0.8050478677110531,0.0017406440382941688
BC_11,BC_20,0.8050478677110531,0.007832898172323759
BC_12,BC_20,0.8050478677110531,0.006527415143603133
BC_128,BC_20,0.8050478677110531,0.0017406440382941688
BC_13,BC_20,0.8050478677110531,0.004786771105308964
BC_14,BC_20,0.8050478677110531,0.008703220191470844
BC_15,BC_20,0.8050478677110531,0.002175805047867711
BC_16,BC_20,0.8050478677110531,0.002175805047867711
BC_167,BC_20,0.8050478677110531,0.0013054830287206266
BC_17,BC_20,0.8050478677110531,0.0034812880765883376
BC_18,BC_20,0.8050478677110531,0.0013054830287206266
BC_19,BC_20,0.8050478677110531,0.03350739773716275
BC_193,BC_20,0.8050478677110531,0.0034812880765883376
BC_196,BC_20,0.8050478677110531,0.0026109660574412533
BC_197,BC_20,0.8050478677110531,0.002175805047867711
BC_198,BC_20,0.8050478677110531,0.002175805047867711
BC_20,BC_20,0.8050478677110531,0.8050478677110531
BC_202,BC_20,0.8050478677110531,0.0026109660574412533
BC_208,BC_20,0.8050478677110531,0.002175805047867711
BC_218,BC_20,0.8050478677110531,0.0013054830287206266
BC_225,BC_20,0.8050478677110531,0.0017406440382941688
BC_228,BC_20,0.8050478677110531,0.0013054830287206266
BC_229,BC_20,0.8050478677110531,0.0013054830287206266
BC_24,BC_20,0.8050478677110531,0.002175805047867711
BC_25,BC_20,0.8050478677110531,0.0013054830287206266
BC_27,BC_20,0.8050478677110531,0.0017406440382941688
BC_28,BC_20,0.8050478677110531,0.0026109660574412533
BC_33,BC_20,0.8050478677110531,0.0017406440382941688
BC_34,BC_20,0.8050478677110531,0.0013054830287206266
BC_35,BC_20,0.8050478677110531,0.0013054830287206266
BC_40,BC_20,0.8050478677110531,0.002175805047867711
BC_45,BC_20,0.8050478677110531,0.0026109660574412533
BC_46,BC_20,0.8050478677110531,0.002175805047867711
BC_47,BC_20,0.8050478677110531,0.002175805047867711
BC_52,BC_20,0.8050478677110531,0.0026109660574412533
BC_54,BC_20,0.8050478677110531,0.0017406440382941688
BC_57,BC_20,0.8050478677110531,0.004786771105308964
BC_58,BC_20,0.8050478677110531,0.002175805047867711
BC_62,BC_20,0.8050478677110531,0.002175805047867711
BC_71,BC_20,0.8050478677110531,0.0013054830287206266
BC_76,BC_20,0.8050478677110531,0.0013054830287206266
BC_81,BC_20,0.8050478677110531,0.0013054830287206266
BC_83,BC_20,0.8050478677110531,0.002175805047867711
BC_90,BC_20,0.8050478677110531,0.006092254134029591
BC_91,BC_20,0.8050478677110531,0.0026109660574412533
BC_93,BC_20,0.8050478677110531,0.0030461270670147957
BC_95,BC_20,0.8050478677110531,0.0039164490861618795
BC_97,BC_20,0.8050478677110531,0.006527415143603133
BC_10,BC_21,0.8900256971542782,0.002902826686970591
BC_11,BC_21,0.8900256971542782,0.0038545731417150473
BC_12,BC_21,0.8900256971542782,0.007613971637955649
BC_13,BC_21,0.8900256971542782,0.008565718092700104
BC_14,BC_21,0.8900256971542782,0.01441895878937851
BC_15,BC_21,0.8900256971542782,0.004711144950985058
BC_16,BC_21,0.8900256971542782,0.008660892738174551
BC_17,BC_21,0.8900256971542782,0.0016655562958027982
BC_18,BC_21,0.8900256971542782,0.0010469211002189017
BC_19,BC_21,0.8900256971542782,0.0050442562101456175
BC_20,BC_21,0.8900256971542782,0.03274007804320929
BC_21,BC_21,0.8900256971542782,0.8900256971542782
BC_16,BC_22,0.8086986213666824,0.002048743010798583
BC_17,BC_22,0.8086986213666824,0.0030731145161978744
BC_18,BC_22,0.8086986213666824,0.0034145716846643048
BC_19,BC_22,0.8086986213666824,0.020444747961927526
BC_20,BC_22,0.8086986213666824,0.04801741431559179
BC_21,BC_22,0.8086986213666824,0.09159588544111998
BC_22,BC_22,0.8086986213666824,0.8086986213666824
BC_94,BC_22,0.8086986213666824,0.0012804643817491143
BC_11,BC_23,0.9011219147344802,0.002742458239840439
BC_12,BC_23,0.9011219147344802,0.004188481675392671
BC_13,BC_23,0.9011219147344802,0.005983545250560957
BC_14,BC_23,0.9011219147344802,0.007828471702817252
BC_15,BC_23,0.9011219147344802,0.007080528546497133
BC_16,BC_23,0.9011219147344802,0.011518324607329843
BC_17,BC_23,0.9011219147344802,0.004986287708800797
BC_18,BC_23,0.9011219147344802,0.0024931438544003987
BC_19,BC_23,0.9011219147344802,0.002642732485664423
BC_20,BC_23,0.9011219147344802,0.006232859636000997
BC_21,BC_23,0.9011219147344802,0.023086512091747693
BC_23,BC_23,0.9011219147344802,0.9011219147344802
BC_11,BC_24,0.9048001284315299,0.0013913415743565046
BC_12,BC_24,0.9048001284315299,0.0020870123615347566
BC_13,BC_24,0.9048001284315299,0.005404826885000267
BC_14,BC_24,0.9048001284315299,0.004334564135495264
BC_15,BC_24,0.9048001284315299,0.006903194734307273
BC_16,BC_24,0.9048001284315299,0.013110718681436293
BC_17,BC_24,0.9048001284315299,0.008615615133515279
BC_18,BC_24,0.9048001284315299,0.005458340022475518
BC_19,BC_24,0.9048001284315299,0.0014448547118317548
BC_20,BC_24,0.9048001284315299,0.002515117461336758
BC_21,BC_24,0.9048001284315299,0.004869695510247766
BC_23,BC_24,0.9048001284315299,0.017819874779258307
BC_24,BC_24,0.9048001284315299,0.9048001284315299
BC_11,BC_25,0.8887373177593998,0.0014493989257396197
BC_12,BC_25,0.8887373177593998,0.0012788814050643704
BC_13,BC_25,0.8887373177593998,0.004945008099582232
BC_14,BC_25,0.8887373177593998,0.003069315372154489
BC_15,BC_25,0.8887373177593998,0.008440617273424844
BC_16,BC_25,0.8887373177593998,0.010316310000852588
BC_17,BC_25,0.8887373177593998,0.014408730497058573
BC_18,BC_25,0.8887373177593998,0.011765708926592207
BC_19,BC_25,0.8887373177593998,0.0014493989257396197
BC_20,BC_25,0.8887373177593998,0.0017051752067524938
BC_21,BC_25,0.8887373177593998,0.002557762810128741
BC_23,BC_25,0.8887373177593998,0.005030266859919857
BC_24,BC_25,0.8887373177593998,0.015176059340097196
BC_25,BC_25,0.8887373177593998,0.8887373177593998
BC_52,BC_25,0.8887373177593998,0.0012788814050643704
BC_90,BC_25,0.8887373177593998,0.0018756927274277432
BC_97,BC_25,0.8887373177593998,0.0011936226447267456
BC_13,BC_26,0.9066755865628136,0.002389257896497348
BC_14,BC_26,0.9066755865628136,0.0017202656854780904
BC_15,BC_26,0.9066755865628136,0.006403211162612893
BC_16,BC_26,0.9066755865628136,0.007645625268791513
BC_17,BC_26,0.9066755865628136,0.014048836431404406
BC_18,BC_26,0.9066755865628136,0.011181726955607589
BC_19,BC_26,0.9066755865628136,0.0018636211592679313
BC_20,BC_26,0.9066755865628136,0.0029626797916567113
BC_21,BC_26,0.9066755865628136,0.002628183686147083
BC_23,BC_26,0.9066755865628136,0.0043006642136952265
BC_24,BC_26,0.9066755865628136,0.00329717589716634
BC_25,BC_26,0.9066755865628136,0.01256749653557605
BC_26,BC_26,0.9066755865628136,0.9066755865628136
BC_13,BC_27,0.87689508793208,0.0010309278350515464
BC_15,BC_27,0.87689508793208,0.004426925409338993
BC_16,BC_27,0.87689508793208,0.0026076409945421466
BC_17,BC_27,0.87689508793208,0.011825348696179502
BC_18,BC_27,0.87689508793208,0.007095209217707702
BC_19,BC_27,0.87689508793208,0.004608853850818678
BC_20,BC_27,0.87689508793208,0.007155852031534263
BC_21,BC_27,0.87689508793208,0.007155852031534263
BC_23,BC_27,0.87689508793208,0.009581564584596726
BC_24,BC_27,0.87689508793208,0.002001212856276531
BC_25,BC_27,0.87689508793208,0.002425712553062462
BC_26,BC_27,0.87689508793208,0.043602183141297754
BC_27,BC_27,0.87689508793208,0.87689508793208
BC_15,BC_28,0.9020216743773369,0.0019012611699093733
BC_16,BC_28,0.9020216743773369,0.001267507446606249
BC_17,BC_28,0.9020216743773369,0.00545028202040687
BC_18,BC_28,0.9020216743773369,0.0022181380315609354
BC_19,BC_28,0.9020216743773369,0.006147411116040307
BC_20,BC_28,0.9020216743773369,0.007224792445655618
BC_21,BC_28,0.9020216743773369,0.010773813296153114
BC_23,BC_28,0.9020216743773369,0.011787819253438114
BC_24,BC_28,0.9020216743773369,0.002535014893212498
BC_25,BC_28,0.9020216743773369,0.0012041320742759364
BC_26,BC_28,0.9020216743773369,0.008238798402940617
BC_27,BC_28,0.9020216743773369,0.018568984092781547
BC_28,BC_28,0.9020216743773369,0.9020216743773369
BC_15,BC_29,0.8877580551803974,0.0013988037815936716
BC_17,BC_29,0.8877580551803974,0.0027976075631873432
BC_18,BC_29,0.8877580551803974,0.0010611614894848543
BC_19,BC_29,0.8877580551803974,0.007090488134285163
BC_20,BC_29,0.8877580551803974,0.007862241944819602
BC_21,BC_29,0.8877580551803974,0.012010418676442215
BC_23,BC_29,0.8877580551803974,0.016110360794906426
BC_24,BC_29,0.8877580551803974,0.007331661200077175
BC_25,BC_29,0.8877580551803974,0.0021223229789697085
BC_26,BC_29,0.8877580551803974,0.0037622998263553927
BC_27,BC_29,0.8877580551803974,0.004196411344781015
BC_28,BC_29,0.8877580551803974,0.02677021030291337
BC_29,BC_29,0.8877580551803974,0.8877580551803974
BC_19,BC_30,0.8998813315845356,0.004122166010867528
BC_20,BC_30,0.8998813315845356,0.005371307226281931
BC_21,BC_30,0.8998813315845356,0.008306789082505777
BC_23,BC_30,0.8998813315845356,0.013365811004934107
BC_24,BC_30,0.8998813315845356,0.00936855911560802
BC_25,BC_30,0.8998813315845356,0.00499656486165761
BC_26,BC_30,0.8998813315845356,0.0011866841546436825
BC_27,BC_30,0.8998813315845356,0.0010617700331022422
BC_28,BC_30,0.8998813315845356,0.003872337767784648
BC_29,BC_30,0.8998813315845356,0.031103616263818624
BC_30,BC_30,0.8998813315845356,0.8998813315845356
BC_30,BC_31,0.9721417314828936,0.0036602104621015707
BC_31,BC_31,0.9721417314828936,0.9721417314828936
BC_31,BC_32,0.9803111111111111,0.0036444444444444445
BC_32,BC_32,0.9803111111111111,0.9803111111111111
BC_32,BC_33,0.9736424782632471,0.00628862033138295
BC_33,BC_33,0.9736424782632471,0.9736424782632471
BC_33,BC_34,0.9786773138512509,0.0027609055770292656
BC_34,BC_34,0.9786773138512509,0.9786773138512509
BC_34,BC_35,0.9780601846301402,0.004355992486912041
BC_35,BC_35,0.9780601846301402,0.9780601846301402
BC_158,BC_36,0.9727143869596031,0.0013161891262529108
BC_35,BC_36,0.9727143869596031,0.003594208767844487
BC_36,BC_36,0.9727143869596031,0.9727143869596031
BC_64,BC_36,0.9727143869596031,0.0014680571023590158
BC_66,BC_36,0.9727143869596031,0.0011643211501468056
BC_94,BC_36,0.9727143869596031,0.0011643211501468056
BC_36,BC_37,0.9795830730793255,0.0017567145534041224
BC_37,BC_37,0.9795830730793255,0.9795830730793255
BC_37,BC_38,0.9756074014481094,0.0034432823813354786
BC_38,BC_38,0.9756074014481094,0.9756074014481094
BC_38,BC_39,0.9787990518830656,0.002019137915898516
BC_39,BC_39,0.9787990518830656,0.9787990518830656
BC_39,BC_40,0.974192037470726,0.0031850117096018735
BC_40,BC_40,0.974192037470726,0.974192037470726
BC_40,BC_41,0.9820416329252608,0.003048635259372172
BC_41,BC_41,0.9820416329252608,0.9820416329252608
BC_41,BC_42,0.9773460327097484,0.003529009979888438
BC_42,BC_42,0.9773460327097484,0.9773460327097484
BC_42,BC_43,0.9800044766097142,0.004401999552339029
BC_43,BC_43,0.9800044766097142,0.9800044766097142
BC_43,BC_44,0.9769028871391076,0.0036268193748508707
BC_44,BC_44,0.9769028871391076,0.9769028871391076
BC_44,BC_45,0.9798114418283232,0.003899501456142949
BC_45,BC_45,0.9798114418283232,0.9798114418283232
BC_45,BC_46,0.9786016155780238,0.00465414861177981
BC_46,BC_46,0.9786016155780238,0.9786016155780238
BC_267,BC_47,0.9829704848077759,0.0011063258129519144
BC_47,BC_47,0.9829704848077759,0.9829704848077759
BC_48,BC_48,0.9829116439263479,0.9829116439263479
BC_158,BC_49,0.9745670518361707,0.001470112610625974
BC_195,BC_49,0.9745670518361707,0.0011172855840757402
BC_48,BC_49,0.9745670518361707,0.0012936990973508571
BC_49,BC_49,0.9745670518361707,0.9745670518361707
BC_64,BC_49,0.9745670518361707,0.001411308106200935
BC_66,BC_49,0.9745670518361707,0.0010290788274381817
BC_94,BC_49,0.9745670518361707,0.0015289171150510129
BC_47,BC_50,0.9793042483490199,0.003639956320524154
BC_50,BC_50,0.9793042483490199,0.9793042483490199
BC_50,BC_51,0.981299672744273,0.0011050193378384122
BC_51,BC_51,0.981299672744273,0.981299672744273
BC_52,BC_52,0.9865900383141762,0.9865900383141762
BC_193,BC_53,0.33646112600536193,0.0011489850631941786
BC_270,BC_53,0.33646112600536193,0.0015319800842589046
BC_47,BC_53,0.33646112600536193,0.007276905400229797
BC_48,BC_53,0.33646112600536193,0.013883569513596324
BC_49,BC_53,0.33646112600536193,0.04442742244350823
BC_50,BC_53,0.33646112600536193,0.11374952125622367
BC_51,BC_53,0.33646112600536193,0.1509957870547683
BC_52,BC_53,0.33646112600536193,0.2805438529299119
BC_53,BC_53,0.33646112600536193,0.33646112600536193
BC_54,BC_53,0.33646112600536193,0.00124473381846036
BC_57,BC_53,0.33646112600536193,0.002297970126388357
BC_58,BC_53,0.33646112600536193,0.0015319800842589046
BC_90,BC_53,0.33646112600536193,0.0017234775947912676
BC_95,BC_53,0.33646112600536193,0.002297970126388357
BC_97,BC_53,0.33646112600536193,0.00248946763692072
BC_52,BC_54,0.9856904045469742,0.0010030090270812437
BC_54,BC_54,0.9856904045469742,0.9856904045469742
BC_07,BC_55,0.26308417165414494,0.0022921176620399847
BC_08,BC_55,0.26308417165414494,0.0019100980516999872
BC_09,BC_55,0.26308417165414494,0.0016554183114733223
BC_128,BC_55,0.26308417165414494,0.0010187189609066599
BC_13,BC_55,0.26308417165414494,0.0012733987011333248
BC_166,BC_55,0.26308417165414494,0.0024194575321533174
BC_167,BC_55,0.26308417165414494,0.0014007385712466573
BC_169,BC_55,0.26308417165414494,0.0016554183114733223
BC_172,BC_55,0.26308417165414494,0.0011460588310199923
BC_193,BC_55,0.26308417165414494,0.006112313765439959
BC_196,BC_55,0.26308417165414494,0.0015280784413599898
BC_197,BC_55,0.26308417165414494,0.0019100980516999872
BC_198,BC_55,0.26308417165414494,0.0017827581815866547
BC_202,BC_55,0.26308417165414494,0.0028014771424933146
BC_205,BC_55,0.26308417165414494,0.0010187189609066599
BC_208,BC_55,0.26308417165414494,0.0014007385712466573
BC_216,BC_55,0.26308417165414494,0.0014007385712466573
BC_223,BC_55,0.26308417165414494,0.0012733987011333248
BC_225,BC_55,0.26308417165414494,0.003947535973513307
BC_228,BC_55,0.26308417165414494,0.004711575194193302
BC_229,BC_55,0.26308417165414494,0.0010187189609066599
BC_232,BC_55,0.26308417165414494,0.0015280784413599898
BC_233,BC_55,0.26308417165414494,0.0016554183114733223
BC_24,BC_55,0.26308417165414494,0.0011460588310199923
BC_26,BC_55,0.26308417165414494,0.0011460588310199923
BC_27,BC_55,0.26308417165414494,0.0011460588310199923
BC_28,BC_55,0.26308417165414494,0.0016554183114733223
BC_29,BC_55,0.26308417165414494,0.0011460588310199923
BC_31,BC_55,0.26308417165414494,0.0022921176620399847
BC_33,BC_55,0.26308417165414494,0.0010187189609066599
BC_34,BC_55,0.26308417165414494,0.0011460588310199923
BC_35,BC_55,0.26308417165414494,0.0011460588310199923
BC_39,BC_55,0.26308417165414494,0.0030561568827199796
BC_40,BC_55,0.26308417165414494,0.0011460588310199923
BC_41,BC_55,0.26308417165414494,0.0021647777919266524
BC_43,BC_55,0.26308417165414494,0.0011460588310199923
BC_44,BC_55,0.26308417165414494,0.0015280784413599898
BC_45,BC_55,0.26308417165414494,0.0024194575321533174
BC_46,BC_55,0.26308417165414494,0.0014007385712466573
BC_47,BC_55,0.26308417165414494,0.0020374379218133197
BC_48,BC_55,0.26308417165414494,0.0016554183114733223
BC_49,BC_55,0.26308417165414494,0.005093594804533299
BC_50,BC_55,0.26308417165414494,0.012606647141219916
BC_51,BC_55,0.26308417165414494,0.009550490258499937
BC_52,BC_55,0.26308417165414494,0.13179676556729913
BC_53,BC_55,0.26308417165414494,0.1674519291990322
BC_54,BC_55,0.26308417165414494,0.24474723035782503
BC_55,BC_55,0.26308417165414494,0.26308417165414494
BC_57,BC_55,0.26308417165414494,0.008531771297593277
BC_58,BC_55,0.26308417165414494,0.004838915064306635
BC_59,BC_55,0.26308417165414494,0.0012733987011333248
BC_60,BC_55,0.26308417165414494,0.0010187189609066599
BC_62,BC_55,0.26308417165414494,0.0017827581815866547
BC_67,BC_55,0.26308417165414494,0.0015280784413599898
BC_69,BC_55,0.26308417165414494,0.0012733987011333248
BC_70,BC_55,0.26308417165414494,0.0019100980516999872
BC_75,BC_55,0.26308417165414494,0.0016554183114733223
BC_76,BC_55,0.26308417165414494,0.0030561568827199796
BC_79,BC_55,0.26308417165414494,0.0011460588310199923
BC_81,BC_55,0.26308417165414494,0.0011460588310199923
BC_83,BC_55,0.26308417165414494,0.0029288170126066473
BC_85,BC_55,0.26308417165414494,0.0016554183114733223
BC_86,BC_55,0.26308417165414494,0.0010187189609066599
BC_89,BC_55,0.26308417165414494,0.0012733987011333248
BC_90,BC_55,0.26308417165414494,0.012733987011333249
BC_91,BC_55,0.26308417165414494,0.0021647777919266524
BC_92,BC_55,0.26308417165414494,0.0016554183114733223
BC_93,BC_55,0.26308417165414494,0.0016554183114733223
BC_95,BC_55,0.26308417165414494,0.006494333375779956
BC_97,BC_55,0.26308417165414494,0.010569209219406597
BC_225,BC_56,0.43859400467720216,0.0010630004960668982
BC_228,BC_56,0.43859400467720216,0.0010630004960668982
BC_44,BC_56,0.43859400467720216,0.0010630004960668982
BC_47,BC_56,0.43859400467720216,0.0014882006944936575
BC_49,BC_56,0.43859400467720216,0.0018425341931826234
BC_50,BC_56,0.43859400467720216,0.005102402381121111
BC_51,BC_56,0.43859400467720216,0.004322868684005386
BC_52,BC_56,0.43859400467720216,0.053787825100985044
BC_53,BC_56,0.43859400467720216,0.0574020267876125
BC_54,BC_56,0.43859400467720216,0.18637942031039614
BC_55,BC_56,0.43859400467720216,0.19658422507263837
BC_56,BC_56,0.43859400467720216,0.43859400467720216
BC_57,BC_56,0.43859400467720216,0.00198426759265821
BC_83,BC_56,0.43859400467720216,0.0011338671958046915
BC_90,BC_56,0.43859400467720216,0.0024803344908227625
BC_92,BC_56,0.43859400467720216,0.0012756005952802778
BC_95,BC_56,0.43859400467720216,0.001346467295018071
BC_97,BC_56,0.43859400467720216,0.002267734391609383
BC_54,BC_57,0.9839168191907784,0.0010903851396082403
BC_57,BC_57,0.9839168191907784,0.9839168191907784
BC_58,BC_58,0.9847679019699613,0.9847679019699613
BC_59,BC_59,0.9821396137313071,0.9821396137313071
BC_158,BC_60,0.3672424268726673,0.0014755663570870585
BC_195,BC_60,0.3672424268726673,0.0014755663570870585
BC_222,BC_60,0.3672424268726673,0.001128374273066574
BC_48,BC_60,0.3672424268726673,0.001128374273066574
BC_49,BC_60,0.3672424268726673,0.0012151722940716952
BC_52,BC_60,0.3672424268726673,0.0016491623990973006
BC_54,BC_60,0.3672424268726673,0.010502560541619651
BC_55,BC_60,0.3672424268726673,0.00321152677718948
BC_56,BC_60,0.3672424268726673,0.015710441801926916
BC_57,BC_60,0.3672424268726673,0.08263171599687527
BC_58,BC_60,0.3672424268726673,0.23114312993663744
BC_59,BC_60,0.3672424268726673,0.24841593611665655
BC_60,BC_60,0.3672424268726673,0.3672424268726673
BC_64,BC_60,0.3672424268726673,0.0014755663570870585
BC_66,BC_60,0.3672424268726673,0.0018227584411075427
BC_77,BC_60,0.3672424268726673,0.0013019703150768162
BC_88,BC_60,0.3672424268726673,0.0013019703150768162
BC_98,BC_60,0.3672424268726673,0.0015623643780921794
BC_167,BC_61,0.25361191375861303,0.0010002222716159147
BC_193,BC_61,0.25361191375861303,0.001555901311402534
BC_198,BC_61,0.25361191375861303,0.0010002222716159147
BC_202,BC_61,0.25361191375861303,0.0010002222716159147
BC_225,BC_61,0.25361191375861303,0.0016670371193598578
BC_47,BC_61,0.25361191375861303,0.0010002222716159147
BC_52,BC_61,0.25361191375861303,0.004000889086463659
BC_53,BC_61,0.25361191375861303,0.001555901311402534
BC_54,BC_61,0.25361191375861303,0.008779728828628585
BC_55,BC_61,0.25361191375861303,0.0013336296954878863
BC_56,BC_61,0.25361191375861303,0.007001555901311403
BC_57,BC_61,0.25361191375861303,0.03856412536119137
BC_58,BC_61,0.25361191375861303,0.09079795510113359
BC_59,BC_61,0.25361191375861303,0.20237830629028672
BC_60,BC_61,0.25361191375861303,0.3360746832629473
BC_61,BC_61,0.25361191375861303,0.25361191375861303
BC_62,BC_61,0.25361191375861303,0.0012224938875305623
BC_90,BC_61,0.25361191375861303,0.004223160702378307
BC_95,BC_61,0.25361191375861303,0.001555901311402534
BC_97,BC_61,0.25361191375861303,0.003000666814847744
BC_58,BC_62,0.9827145465611686,0.0010346926354230068
BC_62,BC_62,0.9827145465611686,0.9827145465611686
BC_63,BC_63,0.9809479312671961,0.9809479312671961
BC_62,BC_64,0.9829197383449279,0.0013498079119509917
BC_64,BC_64,0.9829197383449279,0.9829197383449279
BC_167,BC_65,0.25955555555555554,0.0014814814814814814
BC_193,BC_65,0.25955555555555554,0.0023703703703703703
BC_198,BC_65,0.25955555555555554,0.0011851851851851852
BC_202,BC_65,0.25955555555555554,0.0014814814814814814
BC_225,BC_65,0.25955555555555554,0.0017777777777777779
BC_228,BC_65,0.25955555555555554,0.002074074074074074
BC_32,BC_65,0.25955555555555554,0.0011851851851851852
BC_34,BC_65,0.25955555555555554,0.0011851851851851852
BC_39,BC_65,0.25955555555555554,0.0011851851851851852
BC_42,BC_65,0.25955555555555554,0.0011851851851851852
BC_45,BC_65,0.25955555555555554,0.0014814814814814814
BC_50,BC_65,0.25955555555555554,0.0011851851851851852
BC_52,BC_65,0.25955555555555554,0.003851851851851852
BC_54,BC_65,0.25955555555555554,0.0017777777777777779
BC_57,BC_65,0.25955555555555554,0.003259259259259259
BC_58,BC_65,0.25955555555555554,0.0023703703703703703
BC_59,BC_65,0.25955555555555554,0.008888888888888889
BC_60,BC_65,0.25955555555555554,0.010074074074074074
BC_61,BC_65,0.25955555555555554,0.037925925925925925
BC_62,BC_65,0.25955555555555554,0.10014814814814815
BC_63,BC_65,0.25955555555555554,0.34725925925925927
BC_64,BC_65,0.25955555555555554,0.1674074074074074
BC_65,BC_65,0.25955555555555554,0.25955555555555554
BC_83,BC_65,0.25955555555555554,0.0017777777777777779
BC_90,BC_65,0.25955555555555554,0.0026666666666666666
BC_92,BC_65,0.25955555555555554,0.0011851851851851852
BC_93,BC_65,0.25955555555555554,0.0011851851851851852
BC_95,BC_65,0.25955555555555554,0.0017777777777777779
BC_97,BC_65,0.25955555555555554,0.002962962962962963
BC_64,BC_66,0.9841506310780054,0.0013863025036209393
BC_66,BC_66,0.9841506310780054,0.9841506310780054
BC_67,BC_67,0.9851059214807317,0.9851059214807317
BC_68,BC_68,0.9811162693287724,0.9811162693287724
BC_47,BC_69,0.9783456731151978,0.0031048483401003107
BC_68,BC_69,0.9783456731151978,0.002866013852400287
BC_69,BC_69,0.9783456731151978,0.9783456731151978
BC_66,BC_70,0.980951652386781,0.0010709914320685434
BC_70,BC_70,0.980951652386781,0.980951652386781
BC_26,BC_71,0.9006796416434971,0.0020595201318092883
BC_27,BC_71,0.9006796416434971,0.0011842240757903408
BC_28,BC_71,0.9006796416434971,0.002213984141694985
BC_29,BC_71,0.9006796416434971,0.006693440428380187
BC_30,BC_71,0.9006796416434971,0.006127072392132633
BC_71,BC_71,0.9006796416434971,0.9006796416434971
BC_81,BC_71,0.9006796416434971,0.014262176912779322
BC_82,BC_71,0.9006796416434971,0.0023169601482854493
BC_83,BC_71,0.9006796416434971,0.010658016682113068
BC_84,BC_71,0.9006796416434971,0.01513747296879827
BC_85,BC_71,0.9006796416434971,0.0010812480691998764
BC_86,BC_71,0.9006796416434971,0.001441664092266502
BC_87,BC_71,0.9006796416434971,0.0028318401812377717
BC_89,BC_71,0.9006796416434971,0.01699104108742663
BC_72,BC_72,0.9794031887834233,0.9794031887834233
BC_64,BC_73,0.20677878729299567,0.0017398028223468006
BC_65,BC_73,0.20677878729299567,0.0013531799729364006
BC_66,BC_73,0.20677878729299567,0.0064437141568400025
BC_67,BC_73,0.20677878729299567,0.014111734003479606
BC_68,BC_73,0.20677878729299567,0.02003995102777241
BC_69,BC_73,0.20677878729299567,0.07307171853856563
BC_70,BC_73,0.20677878729299567,0.15097622269476127
BC_71,BC_73,0.20677878729299567,0.2408660351826793
BC_72,BC_73,0.20677878729299567,0.2585218119724209
BC_73,BC_73,0.20677878729299567,0.20677878729299567
BC_97,BC_73,0.20677878729299567,0.0010954314066628004
BC_01,BC_74,0.2156769596199525,0.0010292953285827395
BC_03,BC_74,0.2156769596199525,0.0010292953285827395
BC_10,BC_74,0.2156769596199525,0.001266825019794141
BC_12,BC_74,0.2156769596199525,0.0013460015835312748
BC_125,BC_74,0.2156769596199525,0.0010292953285827395
BC_158,BC_74,0.2156769596199525,0.003721298495645289
BC_168,BC_74,0.2156769596199525,0.0013460015835312748
BC_178,BC_74,0.2156769596199525,0.0011084718923198734
BC_179,BC_74,0.2156769596199525,0.0011876484560570072
BC_195,BC_74,0.2156769596199525,0.001979414093428345
BC_222,BC_74,0.2156769596199525,0.0011876484560570072
BC_37,BC_74,0.2156769596199525,0.0011084718923198734
BC_38,BC_74,0.2156769596199525,0.0010292953285827395
BC_48,BC_74,0.2156769596199525,0.001583531274742676
BC_49,BC_74,0.2156769596199525,0.001266825019794141
BC_63,BC_74,0.2156769596199525,0.0011084718923198734
BC_64,BC_74,0.2156769596199525,0.003721298495645289
BC_66,BC_74,0.2156769596199525,0.004513064133016627
BC_67,BC_74,0.2156769596199525,0.004750593824228029
BC_68,BC_74,0.2156769596199525,0.008471892319873317
BC_69,BC_74,0.2156769596199525,0.027553444180522565
BC_70,BC_74,0.2156769596199525,0.07260490894695171
BC_71,BC_74,0.2156769596199525,0.12676167854315123
BC_72,BC_74,0.2156769596199525,0.19136975455265243
BC_73,BC_74,0.2156769596199525,0.29825811559778304
BC_74,BC_74,0.2156769596199525,0.2156769596199525
BC_77,BC_74,0.2156769596199525,0.0011876484560570072
BC_88,BC_74,0.2156769596199525,0.0013460015835312748
BC_94,BC_74,0.2156769596199525,0.0034837688044338875
BC_98,BC_74,0.2156769596199525,0.0015043547110055423
BC_75,BC_75,0.9818008060830182,0.9818008060830182
BC_70,BC_76,0.9808807396959724,0.0012014835710181268
BC_76,BC_76,0.9808807396959724,0.9808807396959724
BC_77,BC_77,0.9827921907067305,0.9827921907067305
BC_26,BC_78,0.8877874503094652,0.0013586272832486288
BC_28,BC_78,0.8877874503094652,0.0013083077542394204
BC_29,BC_78,0.8877874503094652,0.0041262013787550945
BC_30,BC_78,0.8877874503094652,0.003321088914607759
BC_71,BC_78,0.8877874503094652,0.02938660494137775
BC_78,BC_78,0.8877874503094652,0.8877874503094652
BC_81,BC_78,0.8877874503094652,0.008856237105620692
BC_82,BC_78,0.8877874503094652,0.004830674784884014
BC_83,BC_78,0.8877874503094652,0.012428923665274493
BC_84,BC_78,0.8877874503094652,0.02002717254566497
BC_85,BC_78,0.8877874503094652,0.0026166155084788407
BC_86,BC_78,0.8877874503094652,0.0021637397473959646
BC_87,BC_78,0.8877874503094652,0.001157349167211795
BC_89,BC_78,0.8877874503094652,0.0037739646756906357
BC_29,BC_79,0.8770131039311794,0.0023006902070621185
BC_30,BC_79,0.8770131039311794,0.0016504951485445635
BC_57,BC_79,0.8770131039311794,0.0010503150945283585
BC_71,BC_79,0.8770131039311794,0.006201860558167451
BC_78,BC_79,0.8770131039311794,0.025107532259677903
BC_79,BC_79,0.8770131039311794,0.8770131039311794
BC_81,BC_79,0.8770131039311794,0.0052515754726417925
BC_82,BC_79,0.8770131039311794,0.006752025607682305
BC_83,BC_79,0.8770131039311794,0.010353105931779533
BC_84,BC_79,0.8770131039311794,0.015004501350405122
BC_85,BC_79,0.8770131039311794,0.007002100630189057
BC_86,BC_79,0.8770131039311794,0.0061518455536660995
BC_87,BC_79,0.8770131039311794,0.004401320396118836
BC_89,BC_79,0.8770131039311794,0.0023006902070621185
BC_90,BC_79,0.8770131039311794,0.0012003601080324098
BC_97,BC_79,0.8770131039311794,0.0015504651395418627
BC_71,BC_80,0.9018307625774831,0.002594781605881505
BC_78,BC_80,0.9018307625774831,0.004805151122002787
BC_79,BC_80,0.9018307625774831,0.019797222622651482
BC_80,BC_80,0.9018307625774831,0.9018307625774831
BC_81,BC_80,0.9018307625774831,0.002114266493681226
BC_82,BC_80,0.9018307625774831,0.0049493056556628705
BC_83,BC_80,0.9018307625774831,0.007399932727884292
BC_84,BC_80,0.9018307625774831,0.005718129835183316
BC_85,BC_80,0.9018307625774831,0.008072653884964682
BC_86,BC_80,0.9018307625774831,0.008024602373744654
BC_87,BC_80,0.9018307625774831,0.006390850992263707
BC_89,BC_80,0.9018307625774831,0.0012012877805006967
BC_90,BC_80,0.9018307625774831,0.001153236269280669
BC_97,BC_80,0.9018307625774831,0.0016337513814809477
BC_19,BC_81,0.9005305576930865,0.003280547567939735
BC_20,BC_81,0.9005305576930865,0.003523551091490827
BC_21,BC_81,0.9005305576930865,0.00579158397796768
BC_23,BC_81,0.9005305576930865,0.010165647401887327
BC_24,BC_81,0.9005305576930865,0.010287149163662874
BC_25,BC_81,0.9005305576930865,0.008424122149771172
BC_26,BC_81,0.9005305576930865,0.0010935158559799117
BC_27,BC_81,0.9005305576930865,0.002146531124701308
BC_28,BC_81,0.9005305576930865,0.0013770199667895184
BC_29,BC_81,0.9005305576930865,0.006237090437811349
BC_30,BC_81,0.9005305576930865,0.024583856465918756
BC_81,BC_81,0.9005305576930865,0.9005305576930865
BC_19,BC_82,0.9017830341598126,0.0020712012967521163
BC_20,BC_82,0.9017830341598126,0.002851653959296392
BC_21,BC_82,0.9017830341598126,0.004892837845950651
BC_23,BC_82,0.9017830341598126,0.004982890076244221
BC_24,BC_82,0.9017830341598126,0.010325989073662724
BC_25,BC_82,0.9017830341598126,0.01194692921894699
BC_26,BC_82,0.9017830341598126,0.0016809749654799783
BC_27,BC_82,0.9017830341598126,0.007474335114366333
BC_28,BC_82,0.9017830341598126,0.0010506093534249864
BC_29,BC_82,0.9017830341598126,0.0025214624482199676
BC_30,BC_82,0.9017830341598126,0.004142402593504233
BC_64,BC_82,0.9017830341598126,0.0014408356846971244
BC_81,BC_82,0.9017830341598126,0.02056192591703188
BC_82,BC_82,0.9017830341598126,0.9017830341598126
BC_94,BC_82,0.9017830341598126,0.0011106441736207
BC_19,BC_83,0.7828261103344446,0.00139799978492311
BC_20,BC_83,0.7828261103344446,0.002742230347349177
BC_21,BC_83,0.7828261103344446,0.003978922464781159
BC_23,BC_83,0.7828261103344446,0.0038713840197870737
BC_24,BC_83,0.7828261103344446,0.008549306377029789
BC_25,BC_83,0.7828261103344446,0.012474459619313904
BC_26,BC_83,0.7828261103344446,0.004946768469727927
BC_27,BC_83,0.7828261103344446,0.017474997311538874
BC_28,BC_83,0.7828261103344446,0.005538229917195397
BC_29,BC_83,0.7828261103344446,0.0020432304548876224
BC_30,BC_83,0.7828261103344446,0.0029035380148403054
BC_81,BC_83,0.7828261103344446,0.004946768469727927
BC_82,BC_83,0.7828261103344446,0.12458328852564791
BC_83,BC_83,0.7828261103344446,0.7828261103344446
BC_19,BC_84,0.8810380267214799,0.00118191161356629
BC_21,BC_84,0.8810380267214799,0.0018499486125385406
BC_23,BC_84,0.8810380267214799,0.0016957862281603289
BC_24,BC_84,0.8810380267214799,0.004008221993833504
BC_25,BC_84,0.8810380267214799,0.005960945529290853
BC_26,BC_84,0.8810380267214799,0.008530318602261049
BC_27,BC_84,0.8810380267214799,0.017317574511819117
BC_28,BC_84,0.8810380267214799,0.013206577595066804
BC_29,BC_84,0.8810380267214799,0.001541623843782117
BC_30,BC_84,0.8810380267214799,0.0029804727646454265
BC_81,BC_84,0.8810380267214799,0.001644398766700925
BC_82,BC_84,0.8810380267214799,0.013309352517985611
BC_83,BC_84,0.8810380267214799,0.020452209660842754
BC_84,BC_84,0.8810380267214799,0.8810380267214799
BC_95,BC_84,0.8810380267214799,0.0012846865364850976
BC_19,BC_85,0.8871900551751646,0.0011300937313035964
BC_21,BC_85,0.8871900551751646,0.0010636176294622083
BC_24,BC_85,0.8871900551751646,0.0015954264441933126
BC_25,BC_85,0.8871900551751646,0.003323805092069401
BC_26,BC_85,0.8871900551751646,0.009240178155952935
BC_27,BC_85,0.8871900551751646,0.01675197766402978
BC_28,BC_85,0.8871900551751646,0.017616166987967825
BC_29,BC_85,0.8871900551751646,0.006979990693345742
BC_30,BC_85,0.8871900551751646,0.00704646679518713
BC_81,BC_85,0.8871900551751646,0.0015289503423519244
BC_82,BC_85,0.8871900551751646,0.005916373063883534
BC_83,BC_85,0.8871900551751646,0.005185135943628265
BC_84,BC_85,0.8871900551751646,0.012497507146180947
BC_85,BC_85,0.8871900551751646,0.8871900551751646
BC_90,BC_85,0.8871900551751646,0.0010636176294622083
BC_25,BC_86,0.8860178548975229,0.001131648434552999
BC_26,BC_86,0.8860178548975229,0.007355714824594493
BC_27,BC_86,0.8860178548975229,0.008738840689048158
BC_28,BC_86,0.8860178548975229,0.016723249088394315
BC_29,BC_86,0.8860178548975229,0.009870489123601157
BC_30,BC_86,0.8860178548975229,0.012636740852508488
BC_81,BC_86,0.8860178548975229,0.005281026027913994
BC_82,BC_86,0.8860178548975229,0.0013831258644536654
BC_83,BC_86,0.8860178548975229,0.0016974726518294984
BC_84,BC_86,0.8860178548975229,0.002703382371432164
BC_85,BC_86,0.8860178548975229,0.024519049415314974
BC_86,BC_86,0.8860178548975229,0.8860178548975229
BC_26,BC_87,0.8392457923819969,0.00809887375036909
BC_27,BC_87,0.8392457923819969,0.005314885898679715
BC_28,BC_87,0.8392457923819969,0.014763571940776985
BC_29,BC_87,0.8392457923819969,0.018644282279495508
BC_30,BC_87,0.8392457923819969,0.02476061922638883
BC_64,BC_87,0.8392457923819969,0.0010967224870291475
BC_81,BC_87,0.8392457923819969,0.019741004766524656
BC_82,BC_87,0.8392457923819969,0.00156072046231071
BC_83,BC_87,0.8392457923819969,0.005821065508077783
BC_84,BC_87,0.8392457923819969,0.006327245117475851
BC_85,BC_87,0.8392457923819969,0.005525794069262243
BC_86,BC_87,0.8392457923819969,0.02535116210401991
BC_87,BC_87,0.8392457923819969,0.8392457923819969
BC_94,BC_87,0.8392457923819969,0.001181085755262159
BC_64,BC_88,0.9802782388743972,0.0013437672911232313
BC_88,BC_88,0.9802782388743972,0.9802782388743972
BC_98,BC_88,0.9802782388743972,0.001106631886807367
BC_26,BC_89,0.9194803010553757,0.002144388849177984
BC_28,BC_89,0.9194803010553757,0.003279653534036917
BC_29,BC_89,0.9194803010553757,0.007021822310053399
BC_30,BC_89,0.9194803010553757,0.0076525249127528065
BC_81,BC_89,0.9194803010553757,0.012025396291468695
BC_83,BC_89,0.9194803010553757,0.0055922297439347434
BC_84,BC_89,0.9194803010553757,0.0069377286296934786
BC_85,BC_89,0.9194803010553757,0.0011773115250388933
BC_86,BC_89,0.9194803010553757,0.003447840894756759
BC_87,BC_89,0.9194803010553757,0.00971282008157087
BC_89,BC_89,0.9194803010553757,0.9194803010553757
BC_90,BC_89,0.9194803010553757,0.0010091241643190513
BC_90,BC_90,0.9847426794202219,0.9847426794202219
BC_91,BC_91,0.9815591915303176,0.9815591915303176
BC_92,BC_92,0.9841500302480338,0.9841500302480338
BC_90,BC_93,0.9683532065742829,0.001353528843055108
BC_92,BC_93,0.9683532065742829,0.0010957138253303255
BC_93,BC_93,0.9683532065742829,0.9683532065742829
BC_95,BC_93,0.9683532065742829,0.0010957138253303255
BC_97,BC_93,0.9683532065742829,0.0010312600708991299
BC_90,BC_94,0.9831025328262898,0.0015067805123053742
BC_94,BC_94,0.9831025328262898,0.9831025328262898
BC_94,BC_95,0.9844083932387798,0.001020011657276083
BC_95,BC_95,0.9844083932387798,0.9844083932387798
BC_193,BC_96,0.04264150943396226,0.0010377358490566038
BC_52,BC_96,0.04264150943396226,0.0018867924528301887
BC_54,BC_96,0.04264150943396226,0.0012264150943396227
BC_57,BC_96,0.04264150943396226,0.0011320754716981133
BC_58,BC_96,0.04264150943396226,0.0016037735849056603
BC_81,BC_96,0.04264150943396226,0.0010377358490566038
BC_82,BC_96,0.04264150943396226,0.0022641509433962265
BC_83,BC_96,0.04264150943396226,0.001981132075471698
BC_85,BC_96,0.04264150943396226,0.0029245283018867925
BC_86,BC_96,0.04264150943396226,0.006415094339622641
BC_87,BC_96,0.04264150943396226,0.0042452830188679245
BC_88,BC_96,0.04264150943396226,0.004622641509433962
BC_89,BC_96,0.04264150943396226,0.025943396226415096
BC_90,BC_96,0.04264150943396226,0.06273584905660377
BC_91,BC_96,0.04264150943396226,0.08707547169811321
BC_92,BC_96,0.04264150943396226,0.16858490566037737
BC_93,BC_96,0.04264150943396226,0.1838679245283019
BC_94,BC_96,0.04264150943396226,0.17575471698113207
BC_95,BC_96,0.04264150943396226,0.19377358490566038
BC_96,BC_96,0.04264150943396226,0.04264150943396226
BC_97,BC_96,0.04264150943396226,0.0012264150943396227
BC_97,BC_97,0.9863187230808209,0.9863187230808209
BC_98,BC_98,0.9842287853197608,0.9842287853197608
BC_193,BC_99,0.024422617467480753,0.0010618529333687285
BC_39,BC_99,0.024422617467480753,0.001128218741704274
BC_52,BC_99,0.024422617467480753,0.0020573400584019113
BC_57,BC_99,0.024422617467480753,0.0021900716750730023
BC_86,BC_99,0.024422617467480753,0.0010618529333687285
BC_89,BC_99,0.024422617467480753,0.001526413591717547
BC_90,BC_99,0.024422617467480753,0.007034775683567826
BC_91,BC_99,0.024422617467480753,0.004911069816830369
BC_92,BC_99,0.024422617467480753,0.025617202017520574
BC_93,BC_99,0.024422617467480753,0.02123705866737457
BC_94,BC_99,0.024422617467480753,0.05906556941863552
BC_95,BC_99,0.024422617467480753,0.0935757897531192
BC_96,BC_99,0.024422617467480753,0.20400849482346695
BC_97,BC_99,0.024422617467480753,0.3832625431377754
BC_98,BC_99,0.024422617467480753,0.1342580302628086
BC_99,BC_99,0.024422617467480753,0.024422617467480753
BC_100,BC_100,0.06359490217808278,0.06359490217808278
BC_158,BC_100,0.06359490217808278,0.0015344614466561528
BC_195,BC_100,0.06359490217808278,0.0012787178722134607
BC_64,BC_100,0.06359490217808278,0.0014918375175823708
BC_66,BC_100,0.06359490217808278,0.0016197093048037168
BC_90,BC_100,0.06359490217808278,0.0016197093048037168
BC_91,BC_100,0.06359490217808278,0.0012360939431396785
BC_92,BC_100,0.06359490217808278,0.010187119048633904
BC_93,BC_100,0.06359490217808278,0.00843953795660884
BC_94,BC_100,0.06359490217808278,0.03145645965645113
BC_95,BC_100,0.06359490217808278,0.03998124547120754
BC_96,BC_100,0.06359490217808278,0.10357614764929031
BC_97,BC_100,0.06359490217808278,0.19624056945569243
BC_98,BC_100,0.06359490217808278,0.30071181961553217
BC_99,BC_100,0.06359490217808278,0.2140999957376071
BC_124,BC_125,0.9731456975017753,0.005906655477373959
BC_125,BC_125,0.9731456975017753,0.9731456975017753
BC_94,BC_125,0.9731456975017753,0.0011296882060551287
BC_127,BC_128,0.9758909162769251,0.002997167512021606
BC_128,BC_128,0.9758909162769251,0.9758909162769251
BC_128,BC_129,0.9724042278444689,0.0031565354631976662
BC_129,BC_129,0.9724042278444689,0.9724042278444689
BC_158,BC_129,0.9724042278444689,0.0010521784877325553
BC_94,BC_129,0.9724042278444689,0.001721746616289636
BC_98,BC_129,0.9724042278444689,0.0015304414367018986
BC_129,BC_130,0.9765108411502383,0.0025372904813163156
BC_130,BC_130,0.9765108411502383,0.9765108411502383
BC_157,BC_158,0.9770256916996047,0.0011116600790513835
BC_158,BC_158,0.9770256916996047,0.9770256916996047
BC_158,BC_160,0.9726198818700571,0.001051156271899089
BC_159,BC_160,0.9726198818700571,0.0042546801481629795
BC_160,BC_160,0.9726198818700571,0.9726198818700571
BC_158,BC_163,0.9575398064314705,0.0017171401810802372
BC_162,BC_163,0.9575398064314705,0.001404932875429285
BC_163,BC_163,0.9575398064314705,0.9575398064314705
BC_164,BC_163,0.9575398064314705,0.007805182641273806
BC_180,BC_163,0.9575398064314705,0.0010927255697783327
BC_195,BC_163,0.9575398064314705,0.0017171401810802372
BC_64,BC_163,0.9575398064314705,0.0015610365282547611
BC_66,BC_163,0.9575398064314705,0.0017171401810802372
BC_77,BC_163,0.9575398064314705,0.0015610365282547611
BC_94,BC_163,0.9575398064314705,0.0035903840149859507
BC_166,BC_166,0.9777275447111229,0.9777275447111229
BC_90,BC_166,0.9777275447111229,0.0011302439997340603
BC_166,BC_167,0.9725950782997763,0.006089982600049714
BC_167,BC_167,0.9725950782997763,0.9725950782997763
BC_167,BC_168,0.9768917291840326,0.0015282022784106697
BC_168,BC_168,0.9768917291840326,0.9768917291840326
BC_07,BC_169,0.8736205593348451,0.0015117157974300832
BC_09,BC_169,0.8736205593348451,0.0013605442176870747
BC_166,BC_169,0.8736205593348451,0.0016628873771730914
BC_168,BC_169,0.8736205593348451,0.003325774754346183
BC_169,BC_169,0.8736205593348451,0.8736205593348451
BC_172,BC_169,0.8736205593348451,0.0010582010582010583
BC_193,BC_169,0.8736205593348451,0.0031746031746031746
BC_196,BC_169,0.8736205593348451,0.0012093726379440665
BC_198,BC_169,0.8736205593348451,0.0012093726379440665
BC_202,BC_169,0.8736205593348451,0.001965230536659108
BC_225,BC_169,0.8736205593348451,0.0027210884353741495
BC_228,BC_169,0.8736205593348451,0.0030234315948601664
BC_23,BC_169,0.8736205593348451,0.0018140589569160999
BC_232,BC_169,0.8736205593348451,0.0021164021164021165
BC_233,BC_169,0.8736205593348451,0.0010582010582010583
BC_24,BC_169,0.8736205593348451,0.0013605442176870747
BC_27,BC_169,0.8736205593348451,0.0012093726379440665
BC_28,BC_169,0.8736205593348451,0.0010582010582010583
BC_30,BC_169,0.8736205593348451,0.0012093726379440665
BC_32,BC_169,0.8736205593348451,0.0010582010582010583
BC_39,BC_169,0.8736205593348451,0.0015117157974300832
BC_41,BC_169,0.8736205593348451,0.0013605442176870747
BC_45,BC_169,0.8736205593348451,0.0016628873771730914
BC_46,BC_169,0.8736205593348451,0.0012093726379440665
BC_47,BC_169,0.8736205593348451,0.0012093726379440665
BC_52,BC_169,0.8736205593348451,0.005744520030234316
BC_54,BC_169,0.8736205593348451,0.004837490551776266
BC_57,BC_169,0.8736205593348451,0.005593348450491308
BC_58,BC_169,0.8736205593348451,0.003779289493575208
BC_59,BC_169,0.8736205593348451,0.0025699168556311412
BC_62,BC_169,0.8736205593348451,0.0013605442176870747
BC_75,BC_169,0.8736205593348451,0.0010582010582010583
BC_76,BC_169,0.8736205593348451,0.0025699168556311412
BC_83,BC_169,0.8736205593348451,0.0025699168556311412
BC_90,BC_169,0.8736205593348451,0.008616780045351474
BC_91,BC_169,0.8736205593348451,0.0010582010582010583
BC_93,BC_169,0.8736205593348451,0.0018140589569160999
BC_95,BC_169,0.8736205593348451,0.005593348450491308
BC_97,BC_169,0.8736205593348451,0.008314436885865457
BC_169,BC_170,0.9753521126760564,0.0020539906103286387
BC_170,BC_170,0.9753521126760564,0.9753521126760564
BC_170,BC_172,0.9738123633472471,0.0010435301132975551
BC_171,BC_172,0.9738123633472471,0.0043231961836613
BC_172,BC_172,0.9738123633472471,0.9738123633472471
BC_177,BC_178,0.9752269735731884,0.0015525329913260656
BC_178,BC_178,0.9752269735731884,0.9752269735731884
BC_64,BC_178,0.9752269735731884,0.0010462722332849573
BC_94,BC_178,0.9752269735731884,0.001147524384893179
BC_178,BC_179,0.9775922867473106,0.0016962014015980003
BC_179,BC_179,0.9775922867473106,0.9775922867473106
BC_64,BC_179,0.9775922867473106,0.0010266482167566844
BC_179,BC_180,0.9757159670459004,0.0030992546096508433
BC_180,BC_180,0.9757159670459004,0.9757159670459004
BC_64,BC_180,0.9757159670459004,0.0010592389172224403
BC_192,BC_193,0.9727408720704748,0.0016621419469222672
BC_193,BC_193,0.9727408720704748,0.9727408720704748
BC_194,BC_194,0.9772024729520865,0.9772024729520865
BC_64,BC_194,0.9772024729520865,0.0010186876492904314
BC_194,BC_195,0.9712349934624985,0.0035659099013431593
BC_195,BC_195,0.9712349934624985,0.9712349934624985
BC_203,BC_195,0.9712349934624985,0.0010697729704029478
BC_64,BC_195,0.9712349934624985,0.001723523118982527
BC_66,BC_195,0.9712349934624985,0.001010341138713895
BC_94,BC_195,0.9712349934624985,0.0011292048020920004
BC_98,BC_195,0.9712349934624985,0.0010697729704029478
BC_196,BC_196,0.9773091468495609,0.9773091468495609
BC_196,BC_197,0.9742571545940024,0.004381760920169793
BC_197,BC_197,0.9742571545940024,0.9742571545940024
BC_197,BC_198,0.97210723437808,0.0011827321111768185
BC_198,BC_198,0.97210723437808,0.97210723437808
BC_70,BC_198,0.97210723437808,0.002562586240883107
BC_201,BC_202,0.9750680613268377,0.0012179395328843674
BC_202,BC_202,0.9750680613268377,0.9750680613268377
BC_203,BC_203,0.9791896058136974,0.9791896058136974
BC_204,BC_205,0.9738204833141542,0.0015103567318757191
BC_205,BC_205,0.9738204833141542,0.9738204833141542
BC_208,BC_208,0.9792132614129719,0.9792132614129719
BC_211,BC_212,0.9705360478147179,0.00462271199103474
BC_212,BC_212,0.9705360478147179,0.9705360478147179
BC_64,BC_212,0.9705360478147179,0.0011206574523720584
BC_66,BC_212,0.9705360478147179,0.0011673515128875606
BC_77,BC_212,0.9705360478147179,0.0010272693313410535
BC_94,BC_212,0.9705360478147179,0.001307433694434068
BC_213,BC_213,0.97751947132405,0.97751947132405
BC_214,BC_215,0.9754943159198478,0.0013712566904056265
BC_215,BC_215,0.9754943159198478,0.9754943159198478
BC_94,BC_215,0.9754943159198478,0.0011500862564692352
BC_215,BC_216,0.9750636735177397,0.00213232245454007
BC_216,BC_216,0.9750636735177397,0.9750636735177397
BC_217,BC_218,0.9796476019975502,0.0011778008103269576
BC_218,BC_218,0.9796476019975502,0.9796476019975502
BC_158,BC_219,0.9532064708765988,0.0028076117474040733
BC_168,BC_219,0.9532064708765988,0.0010695663799634564
BC_179,BC_219,0.9532064708765988,0.001158696911627078
BC_194,BC_219,0.9532064708765988,0.00129239270912251
BC_195,BC_219,0.9532064708765988,0.0020945674940951024
BC_218,BC_219,0.9532064708765988,0.0021836980257587237
BC_219,BC_219,0.9532064708765988,0.9532064708765988
BC_48,BC_219,0.9532064708765988,0.0017380453674406167
BC_64,BC_219,0.9532064708765988,0.0035206560007130443
BC_66,BC_219,0.9532064708765988,0.002673915949908641
BC_72,BC_219,0.9532064708765988,0.0010695663799634564
BC_77,BC_219,0.9532064708765988,0.00129239270912251
BC_94,BC_219,0.9532064708765988,0.004233700254022015
BC_98,BC_219,0.9532064708765988,0.0012032621774588886
BC_125,BC_221,0.9589704383282365,0.0010193679918450561
BC_158,BC_221,0.9589704383282365,0.003109072375127421
BC_168,BC_221,0.9589704383282365,0.0014780835881753314
BC_194,BC_221,0.9589704383282365,0.0012232415902140672
BC_195,BC_221,0.9589704383282365,0.0015800203873598368
BC_220,BC_221,0.9589704383282365,0.0016819571865443425
BC_221,BC_221,0.9589704383282365,0.9589704383282365
BC_48,BC_221,0.9589704383282365,0.0013251783893985728
BC_64,BC_221,0.9589704383282365,0.0027013251783893984
BC_66,BC_221,0.9589704383282365,0.001987767584097859
BC_77,BC_221,0.9589704383282365,0.0013251783893985728
BC_94,BC_221,0.9589704383282365,0.0029051987767584097
BC_98,BC_221,0.9589704383282365,0.0011722731906218145
BC_221,BC_222,0.9771820762513924,0.0010420784074167235
BC_222,BC_222,0.9771820762513924,0.9771820762513924
BC_64,BC_222,0.9771820762513924,0.0011498796219770744
BC_222,BC_223,0.9728492248373364,0.0017672102176881678
BC_223,BC_223,0.9728492248373364,0.9728492248373364
BC_90,BC_223,0.9728492248373364,0.0010442605831793717
BC_223,BC_224,0.9733372277392973,0.004381206709505132
BC_224,BC_224,0.9733372277392973,0.9733372277392973
BC_64,BC_224,0.9733372277392973,0.001043144454644079
BC_225,BC_225,0.9778629611883086,0.9778629611883086
BC_228,BC_228,0.9797112045329921,0.9797112045329921
BC_229,BC_229,0.9750090546903296,0.9750090546903296
BC_230,BC_231,0.9719202371955119,0.002151037730364514
BC_231,BC_231,0.9719202371955119,0.9719202371955119
BC_49,BC_231,0.9719202371955119,0.0010464507877448986
BC_98,BC_231,0.9719202371955119,0.0011627230974943317
BC_232,BC_232,0.9792682926829268,0.9792682926829268
BC_232,BC_233,0.979327625809146,0.001409480058467321
BC_233,BC_233,0.979327625809146,0.979327625809146
BC_158,BC_234,0.9736928858706402,0.0010549218698490143
BC_233,BC_234,0.9736928858706402,0.0024395068240258455
BC_234,BC_234,0.9736928858706402,0.9736928858706402
BC_64,BC_234,0.9736928858706402,0.001516450187907958
